{"cameraMode":{"drawMode":0,"name":"Shaded","section":"Shading Mode"},"sceneLighting":true,"audioPlay":false,"sceneViewState":{"m_AlwaysRefresh":false,"showFog":true,"showSkybox":false,"showFlares":true,"showImageEffects":true,"showParticleSystems":true,"showVisualEffectGraphs":true,"m_FxEnabled":true},"in2DMode":false,"pivot":{"x":0.06976878643035889,"y":0.22594940662384034,"z":0.0167199969291687},"rotation":{"x":0.2492862343788147,"y":-0.02033502794802189,"z":0.005235630553215742,"w":0.9682014584541321},"size":0.9116510152816773,"orthographic":false}