{"cameraMode":{"drawMode":0,"name":"Shaded","section":"Shading Mode"},"sceneLighting":true,"audioPlay":false,"sceneViewState":{"m_AlwaysRefresh":false,"showFog":true,"showSkybox":true,"showFlares":true,"showImageEffects":true,"showParticleSystems":true,"showVisualEffectGraphs":true,"m_FxEnabled":true},"in2DMode":false,"pivot":{"x":-61.08277893066406,"y":33.17618179321289,"z":-109.32363891601563},"rotation":{"x":0.037018075585365298,"y":0.9407691955566406,"z":0.11073259264230728,"w":-0.3188456892967224},"size":61.713844299316409,"orthographic":false}