{"cameraMode":{"drawMode":0,"name":"Shaded","section":"Shading Mode"},"sceneLighting":true,"audioPlay":false,"sceneViewState":{"m_AlwaysRefresh":false,"showFog":true,"showSkybox":true,"showFlares":true,"showImageEffects":true,"showParticleSystems":true,"showVisualEffectGraphs":true,"m_FxEnabled":true},"in2DMode":false,"pivot":{"x":6.295980453491211,"y":0.6117114424705505,"z":-13.518665313720704},"rotation":{"x":0.00026561072445474565,"y":0.9947265386581421,"z":-0.0060036336071789269,"w":0.10413121432065964},"size":0.2533825933933258,"orthographic":false}