{"cameraMode":{"drawMode":0,"name":"Shaded","section":"Shading Mode"},"sceneLighting":true,"audioPlay":false,"sceneViewState":{"m_AlwaysRefresh":false,"showFog":true,"showSkybox":true,"showFlares":true,"showImageEffects":true,"showParticleSystems":true,"showVisualEffectGraphs":true,"m_FxEnabled":true},"in2DMode":false,"pivot":{"x":2.7830936908721926,"y":-5.2036614418029789,"z":6.877558708190918},"rotation":{"x":0.39077216386795046,"y":0.32750099897384646,"z":-0.15110963582992555,"w":0.8468894362449646},"size":7.276307106018066,"orthographic":false}