{"cameraMode":{"drawMode":0,"name":"Shaded","section":"Shading Mode"},"sceneLighting":true,"audioPlay":false,"sceneViewState":{"m_AlwaysRefresh":false,"showFog":true,"showSkybox":true,"showFlares":true,"showImageEffects":true,"showParticleSystems":true,"showVisualEffectGraphs":true,"m_FxEnabled":true},"in2DMode":false,"pivot":{"x":0.6802487373352051,"y":3.804330348968506,"z":0.4979667663574219},"rotation":{"x":0.07071185111999512,"y":0.03290769085288048,"z":-0.0023311511613428594,"w":0.9969564080238342},"size":15.151911735534668,"orthographic":false}